"id","event","date","venue","location","attendance","reference"
551,"UFC 258: Usman vs. Burns",2021-02-13,"UFC Apex","Las Vegas, Nevada, U.S.",0,"[20]"
550,"UFC Fight Night: Overeem vs. Volkov",2021-02-06,"UFC Apex","Las Vegas, Nevada, U.S.",0,"[21]"
549,"UFC 257: Poirier vs. McGregor 2",2021-01-24,"Etihad Arena","Abu Dhabi, United Arab Emirates",2600,"[22]"
548,"UFC on ESPN: Chiesa vs. Magny",2021-01-20,"Etihad Arena","Abu Dhabi, United Arab Emirates",2000,"[23]"
547,"UFC on ABC: Holloway vs. Kattar",2021-01-16,"Etihad Arena","Abu Dhabi, United Arab Emirates",2000,"[24]"
546,"UFC Fight Night: Thompson vs. Neal",2020-12-19,"UFC Apex","Las Vegas, Nevada, U.S.",0,"[25]"
545,"UFC 256: Figueiredo vs. Moreno",2020-12-12,"UFC Apex","Las Vegas, Nevada, U.S.",0,"[26]"
544,"UFC on ESPN: Hermansson vs. Vettori",2020-12-05,"UFC Apex","Las Vegas, Nevada, U.S.",0,"[27]"
543,"UFC on ESPN: Smith vs. Clark",2020-11-28,"UFC Apex","Las Vegas, Nevada, U.S.",0,"[28]"
542,"UFC 255: Figueiredo vs. Perez",2020-11-21,"UFC Apex","Las Vegas, Nevada, U.S.",0,"[29]"
541,"UFC Fight Night: Felder vs. dos Anjos",2020-11-14,"UFC Apex","Las Vegas, Nevada, U.S.",0,"[30]"
540,"UFC on ESPN: Santos vs. Teixeira",2020-11-07,"UFC Apex","Las Vegas, Nevada, U.S.",0,"[31]"
539,"UFC Fight Night: Hall vs. Silva",2020-10-31,"UFC Apex","Las Vegas, Nevada, U.S.",0,"[32]"
538,"UFC 254: Khabib vs. Gaethje",2020-10-24,"du Forum","Abu Dhabi, United Arab Emirates",0,"[33]"
537,"UFC Fight Night: Ortega vs. The Korean Zombie",2020-10-18,"du Forum","Abu Dhabi, United Arab Emirates",0,"[34]"
536,"UFC Fight Night: Moraes vs. Sandhagen",2020-10-11,"du Forum","Abu Dhabi, United Arab Emirates",0,"[35]"
535,"UFC on ESPN: Holm vs. Aldana",2020-10-04,"du Forum","Abu Dhabi, United Arab Emirates",0,"[36]"
534,"UFC 253: Adesanya vs. Costa",2020-09-27,"du Forum","Abu Dhabi, United Arab Emirates",0,"[37]"
533,"UFC Fight Night: Covington vs. Woodley",2020-09-19,"UFC Apex","Las Vegas, Nevada, U.S.",0,"[38]"
532,"UFC Fight Night: Waterson vs. Hill",2020-09-12,"UFC Apex","Las Vegas, Nevada, U.S.",0,"[39]"
531,"UFC Fight Night: Overeem vs. Sakai",2020-09-05,"UFC Apex","Las Vegas, Nevada, U.S.",0,"[40]"
530,"UFC Fight Night: Smith vs. Rakić",2020-08-29,"UFC Apex","Las Vegas, Nevada, U.S.",0,"[41]"
529,"UFC on ESPN: Munhoz vs. Edgar",2020-08-22,"UFC Apex","Las Vegas, Nevada, U.S.",0,"[42]"
528,"UFC 252: Miocic vs. Cormier 3",2020-08-15,"UFC Apex","Las Vegas, Nevada, U.S.",0,"[43]"
527,"UFC Fight Night: Lewis vs. Oleinik",2020-08-08,"UFC Apex","Las Vegas, Nevada, U.S.",0,"[44]"
526,"UFC Fight Night: Brunson vs. Shahbazyan",2020-08-01,"UFC Apex","Las Vegas, Nevada, U.S.",0,"[45]"
525,"UFC on ESPN: Whittaker vs. Till",2020-07-26,"du Forum","Abu Dhabi, United Arab Emirates",0,"[46]"
524,"UFC Fight Night: Figueiredo vs. Benavidez 2",2020-07-19,"du Forum","Abu Dhabi, United Arab Emirates",0,"[47]"
523,"UFC on ESPN: Kattar vs. Ige",2020-07-16,"du Forum","Abu Dhabi, United Arab Emirates",0,"[48]"
522,"UFC 251: Usman vs. Masvidal",2020-07-12,"du Forum","Abu Dhabi, United Arab Emirates",0,"[49]"
521,"UFC on ESPN: Poirier vs. Hooker",2020-06-27,"UFC Apex","Las Vegas, Nevada, U.S.",0,"[50]"
520,"UFC on ESPN: Blaydes vs. Volkov",2020-06-20,"UFC Apex","Las Vegas, Nevada, U.S.",0,"[51]"
519,"UFC on ESPN: Eye vs. Calvillo",2020-06-13,"UFC Apex","Las Vegas, Nevada, U.S.",0,"[52]"
518,"UFC 250: Nunes vs. Spencer",2020-06-06,"UFC Apex","Las Vegas, Nevada, U.S.",0,"[53]"
517,"UFC on ESPN: Woodley vs. Burns",2020-05-30,"UFC Apex","Las Vegas, Nevada, U.S.",0,"[54]"
516,"UFC on ESPN: Overeem vs. Harris",2020-05-16,"VyStar Veterans Memorial Arena","Jacksonville, Florida, U.S.",0,"[55]"
515,"UFC Fight Night: Smith vs. Teixeira",2020-05-13,"VyStar Veterans Memorial Arena","Jacksonville, Florida, U.S.",0,"[56]"
514,"UFC 249: Ferguson vs. Gaethje",2020-05-09,"VyStar Veterans Memorial Arena","Jacksonville, Florida, U.S.",0,"[57]"
513,"UFC Fight Night: Lee vs. Oliveira",2020-03-14,"Ginásio Nilson Nelson","Brasília, Brazil",0,"[60]"
512,"UFC 248: Adesanya vs. Romero",2020-03-07,"T-Mobile Arena","Las Vegas, Nevada, U.S.",15077,"[61]"
511,"UFC Fight Night: Benavidez vs. Figueiredo",2020-02-29,"Chartway Arena","Norfolk, Virginia, U.S.",7098,"[62]"
510,"UFC Fight Night: Felder vs. Hooker",2020-02-23,"Spark Arena","Auckland, New Zealand",10025,"[63]"
509,"UFC Fight Night: Anderson vs. Błachowicz 2",2020-02-15,"Santa Ana Star Center","Rio Rancho, New Mexico, U.S.",6449,"[64]"
508,"UFC 247: Jones vs. Reyes",2020-02-08,"Toyota Center","Houston, Texas, U.S.",17401,"[65]"
507,"UFC Fight Night: Blaydes vs. dos Santos",2020-01-25,"PNC Arena","Raleigh, North Carolina, U.S.",14533,"[66]"
506,"UFC 246: McGregor vs. Cowboy",2020-01-18,"T-Mobile Arena","Las Vegas, Nevada, U.S.",19040,"[67]"
505,"UFC Fight Night: Edgar vs. The Korean Zombie",2019-12-21,"Sajik Arena","Busan, South Korea",10651,"[68]"
504,"UFC 245: Usman vs. Covington",2019-12-14,"T-Mobile Arena","Las Vegas, Nevada, U.S.",16811,"[69]"
503,"UFC on ESPN: Overeem vs. Rozenstruik",2019-12-07,"Capital One Arena","Washington, D.C., U.S.",10816,"[70]"
502,"UFC Fight Night: Błachowicz vs. Jacaré",2019-11-16,"Ginásio do Ibirapuera","São Paulo, Brazil",10344,"[71]"
501,"UFC Fight Night: Magomedsharipov vs. Kattar",2019-11-09,"CSKA Arena","Moscow, Russia",11305,"[72]"
500,"UFC 244: Masvidal vs. Diaz",2019-11-02,"Madison Square Garden","New York City, New York, U.S.",20143,"[73]"
499,"UFC Fight Night: Maia vs. Askren",2019-10-26,"Singapore Indoor Stadium","Kallang, Singapore",7155,"[74]"
498,"UFC on ESPN: Reyes vs. Weidman",2019-10-18,"TD Garden","Boston, Massachusetts, U.S.",12066,"[75]"
497,"UFC Fight Night: Joanna vs. Waterson",2019-10-12,"Amalie Arena","Tampa, Florida, U.S.",10597,"[76]"
496,"UFC 243: Whittaker vs. Adesanya",2019-10-05,"Marvel Stadium","Melbourne, Australia",57127,"[77]"
495,"UFC Fight Night: Hermansson vs. Cannonier",2019-09-28,"Royal Arena","Copenhagen, Denmark",12767,"[78]"
494,"UFC Fight Night: Rodríguez vs. Stephens",2019-09-21,"Arena Ciudad de México","Mexico City, Mexico",10112,"[79]"
493,"UFC Fight Night: Cowboy vs. Gaethje",2019-09-14,"Rogers Arena","Vancouver, British Columbia, Canada",15114,"[80]"
492,"UFC 242: Khabib vs. Poirier",2019-09-07,"The Arena, Yas Island","Abu Dhabi, United Arab Emirates",NA,NA
491,"UFC Fight Night: Andrade vs. Zhang",2019-08-31,"Shenzhen Universiade Sports Centre","Shenzhen, China",10302,"[81]"
490,"UFC 241: Cormier vs. Miocic 2",2019-08-17,"Honda Center","Anaheim, California, U.S.",17304,"[82]"
489,"UFC Fight Night: Shevchenko vs. Carmouche 2",2019-08-10,"Antel Arena","Montevideo, Uruguay",9225,"[83]"
488,"UFC on ESPN: Covington vs. Lawler",2019-08-03,"Prudential Center","Newark, New Jersey, U.S.",10427,"[84]"
487,"UFC 240: Holloway vs. Edgar",2019-07-27,"Rogers Place","Edmonton, Alberta, Canada",12144,"[85]"
486,"UFC on ESPN: dos Anjos vs. Edwards",2019-07-20,"AT&T Center","San Antonio, Texas, U.S.",9255,"[86]"
485,"UFC Fight Night: de Randamie vs. Ladd",2019-07-13,"Golden 1 Center","Sacramento, California, U.S.",10306,"[87]"
484,"UFC 239: Jones vs. Santos",2019-07-06,"T-Mobile Arena","Las Vegas, Nevada, U.S.",18358,"[88]"
483,"UFC on ESPN: Ngannou vs. dos Santos",2019-06-29,"Target Center","Minneapolis, Minnesota, U.S.",10123,"[89]"
482,"UFC Fight Night: Moicano vs. The Korean Zombie",2019-06-22,"Bon Secours Wellness Arena","Greenville, South Carolina, U.S.",7682,"[90]"
481,"UFC 238: Cejudo vs. Moraes",2019-06-08,"United Center","Chicago, Illinois, U.S.",16083,"[91]"
480,"UFC Fight Night: Gustafsson vs. Smith",2019-06-01,"Ericsson Globe","Stockholm, Sweden",14319,"[92]"
479,"UFC Fight Night: dos Anjos vs. Lee",2019-05-18,"Blue Cross Arena","Rochester, New York, U.S.",8132,"[93]"
478,"UFC 237: Namajunas vs. Andrade",2019-05-11,"Jeunesse Arena","Rio de Janeiro, Brazil",15193,"[94]"
477,"UFC Fight Night: Iaquinta vs. Cowboy",2019-05-04,"Canadian Tire Centre","Ottawa, Ontario, Canada",10960,"[95]"
476,"UFC Fight Night: Jacaré vs. Hermansson",2019-04-27,"BB&T Center","Sunrise, Florida, U.S.",12754,"[96]"
475,"UFC Fight Night: Overeem vs. Oleinik",2019-04-20,"Yubileyny Sports Palace","Saint Petersburg, Russia",7236,"[97]"
474,"UFC 236: Holloway vs. Poirier 2",2019-04-13,"State Farm Arena","Atlanta, Georgia, U.S.",14297,"[98]"
473,"UFC on ESPN: Barboza vs. Gaethje",2019-03-30,"Wells Fargo Center","Philadelphia, Pennsylvania, U.S.",11123,"[99]"
472,"UFC Fight Night: Thompson vs. Pettis",2019-03-23,"Bridgestone Arena","Nashville, Tennessee, U.S.",10863,"[100]"
471,"UFC Fight Night: Till vs. Masvidal",2019-03-16,"The O2 Arena","London, England, U.K.",16602,"[101]"
470,"UFC Fight Night: Lewis vs. dos Santos",2019-03-09,"Intrust Bank Arena","Wichita, Kansas, U.S.",7265,"[102]"
469,"UFC 235: Jones vs. Smith",2019-03-02,"T-Mobile Arena","Las Vegas, Nevada, U.S",14790,"[103]"
468,"UFC Fight Night: Błachowicz vs. Santos",2019-02-23,"O2 arena","Prague, Czech Republic",16583,"[104]"
467,"UFC on ESPN: Ngannou vs. Velasquez",2019-02-17,"Talking Stick Resort Arena","Phoenix, Arizona, U.S.",14269,"[105]"
466,"UFC 234: Adesanya vs. Silva",2019-02-10,"Rod Laver Arena","Melbourne, Australia",15238,"[106]"
465,"UFC Fight Night: Assunção vs. Moraes 2
",2019-02-02,"Centro de Formação Olímpica do Nordeste
","Fortaleza, Brazil
",10040,"[107]"
464,"UFC Fight Night: Cejudo vs. Dillashaw",2019-01-19,"Barclays Center","Brooklyn, New York, U.S.",12152,"[109]"
463,"UFC 232: Jones vs. Gustafsson 2",2018-12-29,"The Forum","Inglewood, California, U.S.",15862,"[110]"
462,"UFC on Fox: Lee vs. Iaquinta 2",2018-12-15,"Fiserv Forum","Milwaukee, Wisconsin, U.S.",9010,"[111]"
461,"UFC 231: Holloway vs. Ortega",2018-12-08,"Scotiabank Arena","Toronto, Ontario, Canada",19039,"[112]"
460,"UFC Fight Night: dos Santos vs. Tuivasa",2018-12-02,"Adelaide Entertainment Centre","Adelaide, Australia",8652,"[113]"
459,"The Ultimate Fighter: Heavy Hitters Finale",2018-11-30,"Pearl Theatre","Las Vegas, Nevada, U.S.",2020,"[114]"
458,"UFC Fight Night: Blaydes vs. Ngannou 2",2018-11-24,"Cadillac Arena","Beijing, China",10302,"[115]"
457,"UFC Fight Night: Magny vs. Ponzinibbio",2018-11-17,"Estadio Mary Terán de Weiss","Buenos Aires, Argentina",10245,"[116]"
456,"UFC Fight Night: The Korean Zombie vs. Rodríguez",2018-11-10,"Pepsi Center","Denver, Colorado, U.S.",11426,"[117]"
455,"UFC 230: Cormier vs. Lewis",2018-11-03,"Madison Square Garden","New York City, New York, U.S.",17011,"[118]"
454,"UFC Fight Night: Volkan vs. Smith",2018-10-27,"Avenir Centre","Moncton, New Brunswick, Canada",6282,"[119]"
453,"UFC 229: Khabib vs. McGregor",2018-10-06,"T-Mobile Arena","Las Vegas, Nevada, U.S",20034,"[120]"
452,"UFC Fight Night: Santos vs. Anders",2018-09-22,"Ginásio do Ibirapuera","São Paulo, Brazil",9485,"[121]"
451,"UFC Fight Night: Hunt vs. Oleinik",2018-09-15,"Olimpiyskiy Stadium","Moscow, Russia",22603,"[122]"
450,"UFC 228: Woodley vs. Till",2018-09-08,"American Airlines Center","Dallas, Texas, U.S.",14073,"[123]"
449,"UFC Fight Night: Gaethje vs. Vick",2018-08-25,"Pinnacle Bank Arena","Lincoln, Nebraska, U.S.",6409,"[124]"
448,"UFC 227: Dillashaw vs. Garbrandt 2",2018-08-04,"Staples Center","Los Angeles, California, U.S.",17794,"[125]"
447,"UFC on Fox: Alvarez vs. Poirier 2",2018-07-28,"Scotiabank Saddledome","Calgary, Alberta, Canada",10603,"[126]"
446,"UFC Fight Night: Shogun vs. Smith",2018-07-22,"Barclaycard Arena","Hamburg, Germany",7798,"[127]"
445,"UFC Fight Night: dos Santos vs. Ivanov",2018-07-14,"CenturyLink Arena","Boise, Idaho, U.S.",5648,"[128]"
444,"UFC 226: Miocic vs. Cormier",2018-07-07,"T-Mobile Arena","Las Vegas, Nevada, U.S",17464,"[129]"
443,"The Ultimate Fighter: Undefeated Finale",2018-07-06,"Palms Casino Resort","Las Vegas, Nevada, U.S",2123,"[130]"
442,"UFC Fight Night: Cowboy vs. Edwards",2018-06-23,"Singapore Indoor Stadium","Kallang, Singapore",6419,"[131]"
441,"UFC 225: Whittaker vs. Romero 2",2018-06-09,"United Center","Chicago, Illinois, U.S.",18117,"[132]"
440,"UFC Fight Night: Rivera vs. Moraes",2018-06-01,"Adirondack Bank Center","Utica, New York, U.S.",5063,"[133]"
439,"UFC Fight Night: Thompson vs. Till",2018-05-27,"Echo Arena","Liverpool, England, U.K.",8520,"[134]"
438,"UFC Fight Night: Maia vs. Usman",2018-05-19,"Movistar Arena","Santiago, Chile",11082,"[135]"
437,"UFC 224: Nunes vs. Pennington",2018-05-12,"Jeunesse Arena","Rio de Janeiro, Brazil",10696,"[136]"
436,"UFC Fight Night: Barboza vs. Lee",2018-04-21,"Boardwalk Hall","Atlantic City, New Jersey, U.S.",9541,"[137]"
435,"UFC on Fox: Poirier vs. Gaethje",2018-04-14,"Gila River Arena","Glendale, Arizona, U.S.",11382,"[138]"
434,"UFC 223: Khabib vs. Iaquinta",2018-04-07,"Barclays Center","Brooklyn, New York, U.S.",17026,"[139]"
433,"UFC Fight Night: Werdum vs. Volkov",2018-03-17,"The O2 Arena","London, England, U.K.",16274,"[140]"
432,"UFC 222: Cyborg vs. Kunitskaya",2018-03-03,"T-Mobile Arena","Las Vegas, Nevada, U.S.",12041,"[141]"
431,"UFC on Fox: Emmett vs. Stephens",2018-02-24,"Amway Center","Orlando, Florida, U.S.",10124,"[142]"
430,"UFC Fight Night: Cowboy vs. Medeiros",2018-02-18,"Frank Erwin Center","Austin, Texas, U.S.",10502,"[143]"
429,"UFC 221: Romero vs. Rockhold",2018-02-11,"Perth Arena","Perth, Australia",12437,"[144]"
428,"UFC Fight Night: Machida vs. Anders",2018-02-03,"Arena Guilherme Paraense","Belém, Brazil",10144,"[145]"
427,"UFC on Fox: Jacaré vs. Brunson 2",2018-01-27,"Spectrum Center","Charlotte, North Carolina, U.S.",10249,"[146]"
426,"UFC 220: Miocic vs. Ngannou",2018-01-20,"TD Garden","Boston, Massachusetts, U.S.",16015,"[147]"
425,"UFC Fight Night: Stephens vs. Choi",2018-01-14,"Scottrade Center","St. Louis, Missouri, U.S.",10052,"[148]"
424,"UFC 219: Cyborg vs. Holm",2017-12-30,"T-Mobile Arena","Las Vegas, Nevada, U.S.",13561,"[149]"
423,"UFC on Fox: Lawler vs. dos Anjos",2017-12-16,"Bell MTS Place","Winnipeg, Manitoba, Canada",8862,"[150]"
422,"UFC Fight Night: Swanson vs. Ortega",2017-12-09,"Save Mart Center","Fresno, California, U.S.",7605,"[151]"
421,"UFC 218: Holloway vs. Aldo 2",2017-12-02,"Little Caesars Arena","Detroit, Michigan, U.S.",17587,"[152]"
420,"The Ultimate Fighter: A New World Champion Finale",2017-12-01,"Park Theater","Las Vegas, Nevada, U.S.",NA,NA
419,"UFC Fight Night: Bisping vs. Gastelum",2017-11-25,"Mercedes-Benz Arena","Shanghai, China",15128,"[152]"
418,"UFC Fight Night: Werdum vs. Tybura",2017-11-19,"Qudos Bank Arena","Sydney, Australia",10021,"[153]"
417,"UFC Fight Night: Poirier vs. Pettis",2017-11-11,"Ted Constant Convocation Center","Norfolk, Virginia, U.S.",8442,"[154]"
416,"UFC 217: Bisping vs. St-Pierre",2017-11-04,"Madison Square Garden","New York City, New York, U.S.",18201,"[155]"
415,"UFC Fight Night: Brunson vs. Machida",2017-10-28,"Ginásio do Ibirapuera","São Paulo, Brazil",10265,"[156]"
414,"UFC Fight Night: Cowboy vs. Till",2017-10-21,"Ergo Arena","Gdańsk, Poland",11138,"[157]"
413,"UFC 216: Ferguson vs. Lee",2017-10-07,"T-Mobile Arena","Las Vegas, Nevada, U.S.",10638,"[158]"
412,"UFC Fight Night: Saint Preux vs. Okami",2017-09-23,"Saitama Super Arena","Saitama, Japan",8571,"[159]"
411,"UFC Fight Night: Rockhold vs. Branch",2017-09-16,"PPG Paints Arena","Pittsburgh, Pennsylvania, U.S.",7005,"[160]"
410,"UFC 215: Nunes vs. Shevchenko 2",2017-09-09,"Rogers Place","Edmonton, Alberta, Canada",16232,"[161]"
409,"UFC Fight Night: Volkov vs. Struve",2017-09-02,"Rotterdam Ahoy","Rotterdam, Netherlands",10224,"[162]"
408,"UFC Fight Night: Pettis vs. Moreno",2017-08-05,"Arena Ciudad de México","Mexico City, Mexico",10172,"[163]"
407,"UFC 214: Cormier vs. Jones 2",2017-07-29,"Honda Center","Anaheim, California, U.S.",16610,"[164]"
406,"UFC on Fox: Weidman vs. Gastelum",2017-07-22,"Nassau Veterans Memorial Coliseum","Uniondale, New York, U.S.",11198,"[165]"
405,"UFC Fight Night: Nelson vs. Ponzinibbio",2017-07-16,"The SSE Hydro","Glasgow, Scotland, U.K.",10589,"[166]"
404,"UFC 213: Romero vs. Whittaker",2017-07-08,"T-Mobile Arena","Las Vegas, Nevada, U.S.",12834,"[167]"
403,"The Ultimate Fighter: Redemption Finale",2017-07-07,"T-Mobile Arena","Las Vegas, Nevada, U.S.",6308,"[168]"
402,"UFC Fight Night: Chiesa vs. Lee",2017-06-25,"Chesapeake Energy Arena","Oklahoma City, Oklahoma, U.S.",7605,"[169]"
401,"UFC Fight Night: Holm vs. Correia",2017-06-17,"Singapore Indoor Stadium","Kallang, Singapore",8414,"[170]"
400,"UFC Fight Night: Lewis vs. Hunt",2017-06-11,"Spark Arena","Auckland, New Zealand",8649,"[171]"
399,"UFC 212: Aldo vs. Holloway",2017-06-03,"Jeunesse Arena","Rio de Janeiro, Brazil",15412,"[172]"
398,"UFC Fight Night: Gustafsson vs. Teixeira",2017-05-28,"Ericsson Globe","Stockholm, Sweden",12668,"[173]"
397,"UFC 211: Miocic vs. dos Santos 2",2017-05-13,"American Airlines Center","Dallas, Texas, U.S.",17834,"[174]"
396,"UFC Fight Night: Swanson vs. Lobov",2017-04-22,"Bridgestone Arena","Nashville, Tennessee, U.S.",10144,"[175]"
395,"UFC on Fox: Johnson vs. Reis",2017-04-15,"Sprint Center","Kansas City, Missouri, U.S.",12171,"[176]"
394,"UFC 210: Cormier vs. Johnson 2",2017-04-08,"KeyBank Center","Buffalo, New York, U.S.",17110,"[177]"
393,"UFC Fight Night: Manuwa vs. Anderson",2017-03-18,"The O2 Arena","London, England, U.K.",15761,"[178]"
392,"UFC Fight Night: Belfort vs. Gastelum",2017-03-11,"Centro de Formação Olímpica do Nordeste","Fortaleza, Brazil",14069,"[179]"
391,"UFC 209: Woodley vs. Thompson 2",2017-03-04,"T-Mobile Arena","Las Vegas, Nevada, U.S.",13150,"[180]"
390,"UFC Fight Night: Lewis vs. Browne",2017-02-19,"Scotiabank Centre","Halifax, Nova Scotia, Canada",8123,"[181]"
389,"UFC 208: Holm vs. de Randamie",2017-02-11,"Barclays Center","Brooklyn, New York, U.S.",15628,"[182]"
388,"UFC Fight Night: Bermudez vs. The Korean Zombie",2017-02-04,"Toyota Center","Houston, Texas, U.S.",8119,"[183]"
387,"UFC on Fox: Shevchenko vs. Peña",2017-01-28,"Pepsi Center","Denver, Colorado, U.S.",13233,"[184]"
386,"UFC Fight Night: Rodríguez vs. Penn",2017-01-15,"Talking Stick Resort Arena","Phoenix, Arizona, U.S.",11589,"[185]"
385,"UFC 207: Nunes vs. Rousey",2016-12-30,"T-Mobile Arena","Las Vegas, Nevada, U.S.",18533,"[186]"
384,"UFC on Fox: VanZant vs. Waterson",2016-12-17,"Golden 1 Center","Sacramento, California, U.S.",13136,"[187]"
383,"UFC 206: Holloway vs. Pettis",2016-12-10,"Scotiabank Arena","Toronto, Ontario, Canada",18057,"[188]"
382,"UFC Fight Night: Lewis vs. Abdurakhimov",2016-12-09,"Times Union Center","Albany, New York, U.S.",6216,"[189]"
381,"The Ultimate Fighter: Tournament of Champions Finale",2016-12-03,"Palms Casino Resort","Las Vegas, Nevada, U.S.",2044,"[190]"
380,"UFC Fight Night: Whittaker vs. Brunson",2016-11-27,"Rod Laver Arena","Melbourne, Australia",13721,"[191]"
379,"UFC Fight Night: Bader vs. Nogueira 2",2016-11-19,"Ginásio do Ibirapuera","São Paulo, Brazil",9028,"[192]"
378,"UFC Fight Night: Mousasi vs. Hall 2",2016-11-19,"The SSE Arena","Belfast, Northern Ireland, U.K.",7222,"[193]"
377,"UFC 205: Alvarez vs. McGregor",2016-11-12,"Madison Square Garden","New York City, New York, U.S.",20427,"[194]"
376,"The Ultimate Fighter Latin America 3 Finale: dos Anjos vs. Ferguson
",2016-11-05,"Arena Ciudad de México
","Mexico City, Mexico
",11460,"[195]"
375,"UFC 204: Bisping vs. Henderson 2",2016-10-08,"Manchester Arena","Manchester, England, U.K.",16000,"[197]"
374,"UFC Fight Night: Lineker vs. Dodson",2016-10-01,"Moda Center","Portland, Oregon, U.S.",6240,"[198]"
373,"UFC Fight Night: Cyborg vs. Länsberg",2016-09-24,"Ginásio Nilson Nelson","Brasília, Brazil",8410,"[199]"
372,"UFC Fight Night: Poirier vs. Johnson",2016-09-17,"State Farm Arena","Hidalgo, Texas, U.S.",5624,"[200]"
371,"UFC 203: Miocic vs. Overeem",2016-09-10,"Quicken Loans Arena","Cleveland, Ohio, U.S.",18875,"[201]"
370,"UFC Fight Night: Arlovski vs. Barnett",2016-09-03,"Barclaycard Arena","Hamburg, Germany",11763,"[202]"
369,"UFC on Fox: Maia vs. Condit",2016-08-27,"Rogers Arena","Vancouver, British Columbia, Canada",10533,"[203]"
368,"UFC 202: Diaz vs. McGregor 2",2016-08-20,"T-Mobile Arena","Las Vegas, Nevada, U.S",15539,"[204]"
367,"UFC Fight Night: Rodríguez vs. Caceres",2016-08-06,"Vivint Smart Home Arena","Salt Lake City, Utah, U.S.",6689,"[205]"
366,"UFC 201: Lawler vs. Woodley",2016-07-30,"Philips Arena","Atlanta, Georgia, U.S.",10240,"[206]"
365,"UFC on Fox: Holm vs. Shevchenko",2016-07-23,"United Center","Chicago, Illinois, U.S.",10287,"[207]"
364,"UFC Fight Night: McDonald vs. Lineker",2016-07-13,"Denny Sanford Premier Center","Sioux Falls, South Dakota, U.S.",5671,"[208]"
363,"UFC 200: Tate vs. Nunes",2016-07-09,"T-Mobile Arena","Las Vegas, Nevada, U.S",18202,"[209]"
362,"The Ultimate Fighter: Team Joanna vs. Team Cláudia Finale",2016-07-08,"MGM Grand Garden Arena","Las Vegas, Nevada, U.S",8115,"[210]"
361,"UFC Fight Night: dos Anjos vs. Alvarez",2016-07-07,"MGM Grand Garden Arena","Las Vegas, Nevada, U.S",7760,"[211]"
360,"UFC Fight Night: MacDonald vs. Thompson",2016-06-18,"TD Place Arena","Ottawa, Ontario, Canada",10490,"[212]"
359,"UFC 199: Rockhold vs. Bisping 2",2016-06-04,"The Forum","Inglewood, California, U.S.",15587,"[213]"
358,"UFC Fight Night: Almeida vs. Garbrandt",2016-05-29,"Mandalay Bay Events Center","Las Vegas, Nevada, U.S.",5193,"[214]"
357,"UFC 198: Werdum vs. Miocic",2016-05-14,"Arena da Baixada","Curitiba, Brazil",45207,"[215]"
356,"UFC Fight Night: Overeem vs. Arlovski",2016-05-08,"Rotterdam Ahoy","Rotterdam, Netherlands",10421,"[216]"
355,"UFC 197: Jones vs. Saint Preux",2016-04-23,"MGM Grand Garden Arena","Las Vegas, Nevada, U.S.",11352,"[217]"
354,"UFC on Fox: Teixeira vs. Evans",2016-04-16,"Amalie Arena","Tampa, Florida, U.S.",11273,"[218]"
353,"UFC Fight Night: Rothwell vs. dos Santos",2016-04-10,"Arena Zagreb","Zagreb, Croatia",13177,"[219]"
352,"UFC Fight Night: Hunt vs. Mir",2016-03-20,"Brisbane Entertainment Centre","Brisbane, Australia",9552,"[220]"
351,"UFC 196: McGregor vs. Diaz",2016-03-05,"MGM Grand Garden Arena","Las Vegas, Nevada, U.S.",14898,"[221]"
350,"UFC Fight Night: Silva vs. Bisping",2016-02-27,"The O2 Arena","London, England, U.K.",16734,"[222]"
349,"UFC Fight Night: Cowboy vs. Cowboy",2016-02-21,"Consol Energy Center","Pittsburgh, Pennsylvania, U.S.",7330,"[223]"
348,"UFC Fight Night: Hendricks vs. Thompson",2016-02-06,"MGM Grand Garden Arena","Las Vegas, Nevada, U.S.",7422,"[224]"
347,"UFC on Fox: Johnson vs. Bader",2016-01-30,"Prudential Center","Newark, New Jersey, U.S.",10555,"[224]"
346,"UFC Fight Night: Dillashaw vs. Cruz",2016-01-17,"TD Garden","Boston, Massachusetts, U.S.",12022,"[225]"
345,"UFC 195: Lawler vs. Condit",2016-01-02,"MGM Grand Garden Arena","Las Vegas, Nevada, U.S.",10300,"[226]"
344,"UFC on Fox: dos Anjos vs. Cowboy 2",2015-12-19,"Amway Center","Orlando, Florida, U.S.",14459,"[227]"
343,"UFC 194: Aldo vs. McGregor",2015-12-12,"MGM Grand Garden Arena","Las Vegas, Nevada, U.S.",16516,"[228]"
342,"The Ultimate Fighter: Team McGregor vs. Team Faber Finale",2015-12-11,"The Chelsea at The Cosmopolitan","Las Vegas, Nevada, U.S.",2566,"[229]"
341,"UFC Fight Night: Namajunas vs. VanZant",2015-12-10,"The Chelsea at The Cosmopolitan","Las Vegas, Nevada, U.S.",1643,"[230]"
340,"UFC Fight Night: Henderson vs. Masvidal",2015-11-28,"Olympic Gymnastics Arena","Seoul, South Korea",12156,"[231]"
339,"The Ultimate Fighter Latin America 2 Finale: Magny vs. Gastelum",2015-11-21,"Arena Monterrey","Monterrey, Mexico",10410,"[232]"
338,"UFC 193: Rousey vs. Holm",2015-11-15,"Etihad Stadium","Melbourne, Australia",56214,"[233]"
337,"UFC Fight Night: Belfort vs. Henderson 3",2015-11-07,"Ginásio do Ibirapuera","São Paulo, Brazil",10628,"[234]"
336,"UFC Fight Night: Holohan vs. Smolka",2015-10-24,"3Arena","Dublin, Ireland",9500,"[235]"
335,"UFC 192: Cormier vs. Gustafsson",2015-10-03,"Toyota Center","Houston, Texas, U.S.",14622,"[236]"
334,"UFC Fight Night: Barnett vs. Nelson",2015-09-27,"Saitama Super Arena","Saitama, Japan",10137,"[237]"
333,"UFC 191: Johnson vs. Dodson 2",2015-09-05,"MGM Grand Garden Arena","Las Vegas, Nevada, U.S.",10873,"[238]"
332,"UFC Fight Night: Holloway vs. Oliveira",2015-08-23,"SaskTel Centre","Saskatoon, Saskatchewan, Canada",7202,"[239]"
331,"UFC Fight Night: Teixeira vs. Saint Preux",2015-08-08,"Bridgestone Arena","Nashville, Tennessee, U.S.",7539,"[240]"
330,"UFC 190: Rousey vs. Correia",2015-08-01,"HSBC Arena","Rio de Janeiro, Brazil",14723,"[241]"
329,"UFC on Fox: Dillashaw vs. Barão 2",2015-07-25,"United Center","Chicago, Illinois, U.S.",11663,"[242]"
328,"UFC Fight Night: Bisping vs. Leites",2015-07-18,"The SSE Hydro","Glasgow, Scotland, U.K.",10451,"[243]"
327,"UFC Fight Night: Mir vs. Duffee",2015-07-15,"Valley View Casino Center","San Diego, California, U.S.",5471,"[244]"
326,"The Ultimate Fighter: American Top Team vs. Blackzilians Finale",2015-07-12,"MGM Grand Garden Arena","Las Vegas, Nevada, U.S.",4844,"[245]"
325,"UFC 189: Mendes vs. McGregor",2015-07-11,"MGM Grand Garden Arena","Las Vegas, Nevada, U.S.",16019,"[246]"
324,"UFC Fight Night: Machida vs. Romero",2015-06-27,"Seminole Hard Rock Hotel and Casino","Hollywood, Florida, U.S.",5604,"[247]"
323,"UFC Fight Night: Jędrzejczyk vs. Penne",2015-06-20,"O2 World","Berlin, Germany",8155,"[248]"
322,"UFC 188: Velasquez vs. Werdum",2015-06-13,"Arena Ciudad de México","Mexico City, Mexico",21036,"[249]"
321,"UFC Fight Night: Boetsch vs. Henderson",2015-06-06,"Smoothie King Center","New Orleans, Louisiana, U.S.",6231,"[250]"
320,"UFC Fight Night: Condit vs. Alves",2015-05-30,"Goiânia Arena","Goiânia, Brazil",3500,"[251]"
319,"UFC 187: Johnson vs. Cormier",2015-05-23,"MGM Grand Garden Arena","Las Vegas, Nevada, U.S.",12615,"[252]"
318,"UFC Fight Night: Edgar vs. Faber",2015-05-16,"Mall of Asia Arena","Pasay, Philippines",13446,"[253]"
317,"UFC Fight Night: Miocic vs. Hunt",2015-05-10,"Adelaide Entertainment Centre","Adelaide, Australia",7984,"[254]"
316,"UFC 186: Johnson vs. Horiguchi",2015-04-25,"Bell Centre","Montreal, Quebec, Canada",10154,"[255]"
315,"UFC on Fox: Machida vs. Rockhold",2015-04-18,"Prudential Center","Newark, New Jersey, U.S.",13306,"[256]"
314,"UFC Fight Night: Gonzaga vs. Cro Cop 2",2015-04-11,"Tauron Arena Kraków","Kraków, Poland",10000,"[257]"
313,"UFC Fight Night: Mendes vs. Lamas",2015-04-04,"Patriot Center","Fairfax, Virginia, U.S.",5417,"[258]"
312,"UFC Fight Night: Maia vs. LaFlare",2015-03-21,"Ginásio do Maracanãzinho","Rio de Janeiro, Brazil",7707,"[259]"
311,"UFC 185: Pettis vs. dos Anjos",2015-03-14,"American Airlines Center","Dallas, Texas, U.S.",17160,"[260]"
310,"UFC 184: Rousey vs. Zingano",2015-02-28,"Staples Center","Los Angeles, California, U.S.",17654,"[261]"
309,"UFC Fight Night: Bigfoot vs. Mir",2015-02-22,"Ginásio Gigantinho","Porto Alegre, Brazil",5080,"[262]"
308,"UFC Fight Night: Henderson vs. Thatch",2015-02-14,"1stBank Center","Broomfield, Colorado, U.S.",5807,"[263]"
307,"UFC 183: Silva vs. Diaz",2015-01-31,"MGM Grand Garden Arena","Las Vegas, Nevada, U.S.",13114,"[264]"
306,"UFC on Fox: Gustafsson vs. Johnson",2015-01-24,"Tele2 Arena","Stockholm, Sweden",30000,"[265]"
305,"UFC Fight Night: McGregor vs. Siver",2015-01-18,"TD Garden","Boston, Massachusetts, U.S.",13828,"[266]"
304,"UFC 182: Jones vs. Cormier",2015-01-03,"MGM Grand Garden Arena","Las Vegas, Nevada, U.S.",11575,"[267]"
303,"UFC Fight Night: Machida vs. Dollaway",2014-12-20,"Ginásio José Corrêa","Barueri, Brazil",NA,NA
302,"UFC on Fox: dos Santos vs. Miocic",2014-12-13,"Talking Stick Resort Arena","Phoenix, Arizona, U.S.",15300,"[268]"
301,"The Ultimate Fighter: A Champion Will Be Crowned Finale",2014-12-12,"Palms Casino Resort","Las Vegas, Nevada, U.S.",1800,"[269]"
300,"UFC 181: Hendricks vs. Lawler II",2014-12-06,"Mandalay Bay Events Center","Las Vegas, Nevada, U.S.",9617,"[270]"
299,"UFC Fight Night: Edgar vs. Swanson",2014-11-22,"Frank Erwin Center","Austin, Texas, U.S.",10131,"[271]"
298,"UFC 180: Werdum vs. Hunt",2014-11-15,"Arena Ciudad de México","Mexico City, Mexico",21000,"[272]"
297,"UFC Fight Night: Shogun vs. Saint Preux",2014-11-08,"Ginásio Municipal Tancredo Neves","Uberlândia, Brazil",5671,"[273]"
296,"UFC Fight Night: Rockhold vs. Bisping",2014-11-08,"Allphones Arena","Sydney, Australia",9904,"[274]"
295,"UFC 179: Aldo vs. Mendes 2",2014-10-25,"Ginásio do Maracanãzinho","Rio de Janeiro, Brazil",11415,"[275]"
294,"UFC Fight Night: MacDonald vs. Saffiedine",2014-10-04,"Scotiabank Centre","Halifax, Nova Scotia, Canada",10782,"[276]"
293,"UFC Fight Night: Nelson vs. Story",2014-10-04,"Ericsson Globe Arena","Stockholm, Sweden",10026,"[277]"
292,"UFC 178: Johnson vs. Cariaso",2014-09-27,"MGM Grand Garden Arena","Las Vegas, Nevada, U.S.",10544,"[278]"
291,"UFC Fight Night: Hunt vs. Nelson",2014-09-20,"Saitama Super Arena","Saitama, Japan",12395,"[279]"
290,"UFC Fight Night: Bigfoot vs. Arlovski",2014-09-13,"Ginásio Nilson Nelson","Brasília, Brazil",8822,"[280]"
289,"UFC Fight Night: Jacaré vs. Mousasi",2014-09-05,"Foxwoods Resort Casino","Mashantucket, Connecticut, U.S.",4086,"[281]"
288,"UFC 177: Dillashaw vs. Soto",2014-08-30,"Sleep Train Arena","Sacramento, California, U.S.",11100,"[282]"
287,"UFC Fight Night: Henderson vs. dos Anjos",2014-08-23,"BOK Center","Tulsa, Oklahoma, U.S.",7119,"[283]"
286,"UFC Fight Night: Bisping vs. Le",2014-08-23,"CotaiArena","Macau, SAR, China",7022,"[284]"
285,"UFC Fight Night: Bader vs. Saint Preux
",2014-08-16,"Cross Insurance Center
","Bangor, Maine, U.S.
",5329,"[285]"
284,"UFC on Fox: Lawler vs. Brown",2014-07-26,"SAP Center","San Jose, California, U.S.",11482,"[287]"
283,"UFC Fight Night: McGregor vs. Brandao",2014-07-19,"The O2","Dublin, Ireland",9500,"[288]"
282,"UFC Fight Night: Cowboy vs. Miller",2014-07-16,"Revel Casino Hotel","Atlantic City, New Jersey, U.S.",4115,"[289]"
281,"The Ultimate Fighter: Team Edgar vs. Team Penn Finale",2014-07-06,"Mandalay Bay Events Center","Las Vegas, Nevada, U.S.",6500,"[290]"
280,"UFC 175: Weidman vs. Machida",2014-07-05,"Mandalay Bay Events Center","Las Vegas, Nevada, U.S.",10088,"[291]"
279,"UFC Fight Night: Swanson vs. Stephens",2014-06-28,"AT&T Center","San Antonio, Texas, U.S.",9227,"[292]"
278,"UFC Fight Night: Te Huna vs. Marquardt",2014-06-28,"Vector Arena","Auckland, New Zealand",8089,"[293]"
277,"UFC 174: Johnson vs. Bagautinov",2014-06-14,"Rogers Arena","Vancouver, British Columbia, Canada",13506,"[294]"
276,"UFC Fight Night: Henderson vs. Khabilov",2014-06-07,"Tingley Coliseum","Albuquerque, New Mexico, U.S.",8775,"[295]"
275,"The Ultimate Fighter Brazil 3 Finale: Miocic vs. Maldonado",2014-05-31,"Ginásio do Ibirapuera","São Paulo, Brazil",8986,"[296]"
274,"UFC Fight Night: Muñoz vs. Mousasi",2014-05-31,"O2 World","Berlin, Germany",8000,"[297]"
273,"UFC 173: Barão vs. Dillashaw",2014-05-24,"MGM Grand Garden Arena","Las Vegas, Nevada, U.S.",11036,"[298]"
272,"UFC Fight Night: Brown vs. Silva",2014-05-10,"U.S. Bank Arena","Cincinnati, Ohio, U.S.",6143,"[299]"
271,"UFC 172: Jones vs. Teixeira",2014-04-26,"Baltimore Arena","Baltimore, Maryland, U.S.",13485,"[300]"
270,"UFC on Fox: Werdum vs. Browne",2014-04-19,"Amway Center","Orlando, Florida, U.S.",17000,"[301]"
269,"The Ultimate Fighter Nations Finale: Bisping vs. Kennedy",2014-04-16,"Colisée Pepsi","Quebec City, Quebec, Canada",5029,"[302]"
268,"UFC Fight Night: Nogueira vs. Nelson",2014-04-11,"du Arena","Abu Dhabi, United Arab Emirates",7963,"[303]"
267,"UFC Fight Night: Shogun vs. Henderson 2",2014-03-23,"Ginásio Nélio Dias","Natal, Brazil",6828,"[304]"
266,"UFC 171: Hendricks vs. Lawler",2014-03-15,"American Airlines Center","Dallas, Texas, U.S.",19324,"[305]"
265,"UFC Fight Night: Gustafsson vs. Manuwa",2014-03-08,"The O2 Arena","London, England, U.K.",14604,"[306]"
264,"The Ultimate Fighter China Finale: Kim vs. Hathaway",2014-03-01,"CotaiArena","Macau, SAR, China",6000,"[307]"
263,"UFC 170: Rousey vs. McMann",2014-02-22,"Mandalay Bay Events Center","Las Vegas, Nevada, U.S.",10217,"[308]"
262,"UFC Fight Night: Machida vs. Mousasi",2014-02-15,"Arena Jaraguá","Jaraguá do Sul, Brazil",7511,"[309]"
261,"UFC 169: Barão vs. Faber II",2014-02-01,"Prudential Center","Newark, New Jersey, U.S.",14308,"[310]"
260,"UFC on Fox: Henderson vs. Thomson",2014-01-25,"United Center","Chicago, Illinois, U.S.",10895,"[311]"
259,"UFC Fight Night: Rockhold vs. Philippou",2014-01-15,"Arena at Gwinnett Center","Duluth, Georgia, U.S.",5822,"[312]"
258,"UFC Fight Night: Saffiedine vs. Lim",2014-01-04,"Marina Bay Sands","Marina Bay, Singapore",5216,"[313]"
257,"UFC 168: Weidman vs. Silva 2",2013-12-28,"MGM Grand Garden Arena","Las Vegas, Nevada, U.S.",15650,"[314]"
256,"UFC on Fox: Johnson vs. Benavidez 2",2013-12-14,"Sleep Train Arena","Sacramento, California, U.S.",11573,"[315]"
255,"UFC Fight Night: Hunt vs. Bigfoot",2013-12-07,"Brisbane Entertainment Centre","Brisbane, Australia",11393,"[316]"
254,"The Ultimate Fighter: Team Rousey vs. Team Tate Finale",2013-11-30,"Mandalay Bay Events Center","Las Vegas, Nevada, U.S.",4853,"[317]"
253,"UFC 167: St-Pierre vs. Hendricks",2013-11-16,"MGM Grand Garden Arena","Las Vegas, Nevada, U.S.",14856,"[318]"
252,"UFC Fight Night: Belfort vs. Henderson",2013-11-09,"Goiânia Arena","Goiânia, Brazil",10565,"[319]"
251,"UFC: Fight for the Troops 3",2013-11-06,"Fort Campbell","Fort Campbell, Kentucky, U.S.",NA,NA
250,"UFC Fight Night: Machida vs. Muñoz",2013-10-26,"Phones 4u Arena","Manchester, England, U.K.",10355,"[320]"
249,"UFC 166: Velasquez vs. dos Santos III",2013-10-19,"Toyota Center","Houston, Texas, U.S.",17238,"[321]"
248,"UFC Fight Night: Maia vs. Shields",2013-10-09,"Ginásio José Corrêa","Barueri, Brazil",6621,"[322]"
247,"UFC 165: Jones vs. Gustafsson",2013-09-21,"Air Canada Centre","Toronto, Ontario, Canada",15504,"[323]"
246,"UFC Fight Night: Teixeira vs. Bader",2013-09-04,"Mineirinho Arena","Belo Horizonte, Brazil",5126,"[324]"
245,"UFC 164: Henderson vs. Pettis",2013-08-31,"BMO Harris Bradley Center","Milwaukee, Wisconsin, U.S.",9178,"[325]"
244,"UFC Fight Night: Condit vs. Kampmann 2",2013-08-28,"Bankers Life Fieldhouse","Indianapolis, Indiana, U.S.",6417,"[326]"
243,"UFC Fight Night: Shogun vs. Sonnen",2013-08-17,"TD Garden","Boston, Massachusetts, U.S.",14181,"[327]"
242,"UFC 163: Aldo vs. Korean Zombie",2013-08-03,"HSBC Arena","Rio de Janeiro, Brazil",13873,"[328]"
241,"UFC on Fox: Johnson vs. Moraga",2013-07-27,"KeyArena","Seattle, Washington, U.S.",8967,"[329]"
240,"UFC 162: Silva vs. Weidman",2013-07-06,"MGM Grand Garden Arena","Las Vegas, Nevada, U.S.",12964,"[330]"
239,"UFC 161: Evans vs. Henderson",2013-06-15,"MTS Centre","Winnipeg, Manitoba, Canada",14754,"[331]"
238,"UFC on Fuel TV: Nogueira vs. Werdum",2013-06-08,"Ginásio Paulo Sarasate","Fortaleza, Brazil",6286,"[332]"
237,"UFC 160: Velasquez vs. Bigfoot 2",2013-05-25,"MGM Grand Garden Arena","Las Vegas, Nevada, U.S.",12380,"[333]"
236,"UFC on FX: Belfort vs. Rockhold",2013-05-18,"Arena Jaraguá","Jaraguá do Sul, Brazil",7642,"[334]"
235,"UFC 159: Jones vs. Sonnen",2013-04-27,"Prudential Center","Newark, New Jersey, U.S.",15227,"[335]"
234,"UFC on Fox: Henderson vs. Melendez",2013-04-20,"HP Pavilion","San Jose, California, U.S.",13506,"[336]"
233,"The Ultimate Fighter: Team Jones vs. Team Sonnen Finale",2013-04-13,"Mandalay Bay Events Center","Las Vegas, Nevada, U.S.",5918,"[337]"
232,"UFC on Fuel TV: Mousasi vs. Latifi",2013-04-06,"Ericsson Globe Arena","Stockholm, Sweden",14506,"[338]"
231,"UFC 158: St-Pierre vs. Diaz",2013-03-16,"Bell Centre","Montreal, Quebec, Canada",20145,"[339]"
230,"UFC on Fuel TV: Silva vs. Stann",2013-03-03,"Saitama Super Arena","Saitama, Japan",14682,"[340]"
229,"UFC 157: Rousey vs. Carmouche",2013-02-23,"Honda Center","Anaheim, California, U.S.",13257,"[341]"
228,"UFC on Fuel TV: Barão vs. McDonald",2013-02-16,"Wembley Arena","London, England, U.K.",10349,"[342]"
227,"UFC 156: Aldo vs. Edgar",2013-02-02,"Mandalay Bay Events Center","Las Vegas, Nevada, U.S.",10275,"[343]"
226,"UFC on Fox: Johnson vs. Dodson",2013-01-26,"United Center","Chicago, Illinois, U.S.",16091,"[344]"
225,"UFC on FX: Belfort vs. Bisping",2013-01-19,"Ginásio do Ibirapuera","São Paulo, Brazil",9116,"[345]"
224,"UFC 155: dos Santos vs. Velasquez 2",2012-12-29,"MGM Grand Garden Arena","Las Vegas, Nevada, U.S.",13561,"[346]"
223,"The Ultimate Fighter: Team Carwin vs. Team Nelson Finale",2012-12-15,"Hard Rock Hotel and Casino","Las Vegas, Nevada, U.S.",2500,"[347]"
222,"UFC on FX: Sotiropoulos vs. Pearson",2012-12-15,"Gold Coast Convention and Exhibition Centre","Gold Coast, Australia",5133,"[348]"
221,"UFC on Fox: Henderson vs. Diaz",2012-12-08,"KeyArena","Seattle, Washington, U.S.",14387,"[349]"
220,"UFC 154: St-Pierre vs. Condit",2012-11-17,"Bell Centre","Montreal, Quebec, Canada",17249,"[350]"
219,"UFC on Fuel TV: Franklin vs. Le",2012-11-10,"CotaiArena","Macau, SAR, China",8415,"[351]"
218,"UFC 153: Silva vs. Bonnar",2012-10-13,"HSBC Arena","Rio de Janeiro, Brazil",16844,"[352]"
217,"UFC on FX: Browne vs. Bigfoot",2012-10-05,"Target Center","Minneapolis, Minnesota, U.S.",7049,"[353]"
216,"UFC on Fuel TV: Struve vs. Miocic",2012-09-29,"Capital FM Arena","Nottingham, England, U.K.",7241,"[354]"
215,"UFC 152: Jones vs. Belfort
",2012-09-22,"Air Canada Centre
","Toronto, Ontario, Canada
",16800,"[355]"
214,"UFC 150: Henderson vs. Edgar II",2012-08-11,"Pepsi Center","Denver, Colorado, U.S.",13027,"[357]"
213,"UFC on Fox: Shogun vs. Vera",2012-08-04,"Staples Center","Los Angeles, California, U.S.",16080,"[358]"
212,"UFC 149: Faber vs. Barão",2012-07-21,"Scotiabank Saddledome","Calgary, Alberta, Canada",16089,"[359]"
211,"UFC on Fuel TV: Muñoz vs. Weidman",2012-07-11,"HP Pavilion","San Jose, California, U.S.",4250,"[360]"
210,"UFC 148: Silva vs. Sonnen II",2012-07-07,"MGM Grand Garden Arena","Las Vegas, Nevada, U.S.",15104,"[361]"
209,"UFC 147: Silva vs. Franklin II",2012-06-23,"Mineirinho Arena","Belo Horizonte, Brazil",16643,"[362]"
208,"UFC on FX: Maynard vs. Guida",2012-06-22,"Revel Casino Hotel","Atlantic City, New Jersey, U.S.",4652,"[363]"
207,"UFC on FX: Johnson vs. McCall 2",2012-06-08,"BankAtlantic Center","Sunrise, Florida, U.S.",6635,"[364]"
206,"The Ultimate Fighter: Live Finale",2012-06-01,"Palms Casino Resort","Las Vegas, Nevada, U.S.",1628,"[365]"
205,"UFC 146: dos Santos vs. Mir",2012-05-26,"MGM Grand Garden Arena","Las Vegas, Nevada, U.S.",14674,"[366]"
204,"UFC on Fuel TV: The Korean Zombie vs. Poirier",2012-05-15,"Patriot Center","Fairfax, Virginia, U.S.",6668,"[367]"
203,"UFC on Fox: Diaz vs. Miller",2012-05-05,"IZOD Center","East Rutherford, New Jersey, U.S.",10788,"[368]"
202,"UFC 145: Jones vs. Evans",2012-04-21,"Philips Arena","Atlanta, Georgia, U.S.",15545,"[369]"
201,"UFC on Fuel TV: Gustafsson vs. Silva",2012-04-14,"Ericsson Globe Arena","Stockholm, Sweden",15428,"[370]"
200,"UFC on FX: Alves vs. Kampmann",2012-03-03,"Allphones Arena","Sydney, Australia",14537,"[371]"
199,"UFC 144: Edgar vs. Henderson",2012-02-26,"Saitama Super Arena","Saitama, Japan",21000,"[372]"
198,"UFC on Fuel TV: Sanchez vs. Ellenberger",2012-02-15,"Omaha Civic Auditorium","Omaha, Nebraska, U.S.",6283,"[373]"
197,"UFC 143: Diaz vs. Condit",2012-02-04,"Mandalay Bay Events Center","Las Vegas, Nevada, U.S.",9015,"[374]"
196,"UFC on Fox: Evans vs. Davis",2012-01-28,"United Center","Chicago, Illinois, U.S.",16963,"[375]"
195,"UFC on FX: Guillard vs. Miller",2012-01-20,"Bridgestone Arena","Nashville, Tennessee, U.S.",7728,"[376]"
194,"UFC 142: Aldo vs. Mendes",2012-01-14,"HSBC Arena","Rio de Janeiro, Brazil",10605,"[377]"
193,"UFC 141: Lesnar vs. Overeem",2011-12-30,"MGM Grand Garden Arena","Las Vegas, Nevada, U.S.",13793,"[378]"
192,"UFC 140: Jones vs. Machida",2011-12-10,"Air Canada Centre","Toronto, Ontario, Canada",18303,"[379]"
191,"The Ultimate Fighter: Team Bisping vs. Team Miller Finale",2011-12-03,"Palms Casino Resort","Las Vegas, Nevada, U.S.",1909,"[380]"
190,"UFC 139: Shogun vs. Henderson",2011-11-19,"HP Pavilion","San Jose, California, U.S.",13832,"[381]"
189,"UFC on Fox: Velasquez vs. dos Santos",2011-11-12,"Honda Center","Anaheim, California, U.S.",11607,"[382]"
188,"UFC 138: Leben vs. Muñoz",2011-11-05,"LG Arena","Birmingham, England, U.K.",10823,"[383]"
187,"UFC 137: Penn vs. Diaz",2011-10-29,"Mandalay Bay Events Center","Las Vegas, Nevada, U.S.",10313,"[384]"
186,"UFC 136: Edgar vs. Maynard III",2011-10-08,"Toyota Center","Houston, Texas, U.S.",16164,"[385]"
185,"UFC Live: Cruz vs. Johnson",2011-10-01,"Verizon Center","Washington, D.C., U.S.",9380,"[386]"
184,"UFC 135: Jones vs. Rampage",2011-09-24,"Pepsi Center","Denver, Colorado, U.S.",16344,"[387]"
183,"UFC Fight Night: Shields vs. Ellenberger",2011-09-17,"Ernest N. Morial Convention Center","New Orleans, Louisiana, U.S.",7112,"[388]"
182,"UFC 134: Silva vs. Okami",2011-08-27,"HSBC Arena","Rio de Janeiro, Brazil",14000,"[389]"
181,"UFC Live: Hardy vs. Lytle",2011-08-14,"Bradley Center","Milwaukee, Wisconsin, U.S.",6751,"[390]"
180,"UFC 133: Evans vs. Ortiz",2011-08-06,"Wells Fargo Center","Philadelphia, Pennsylvania, U.S.",11583,"[391]"
179,"UFC 132: Cruz vs. Faber",2011-07-02,"MGM Grand Garden Arena","Las Vegas, Nevada, U.S.",13109,"[392]"
178,"UFC Live: Kongo vs. Barry",2011-06-26,"Consol Energy Center","Pittsburgh, Pennsylvania, U.S.",7792,"[393]"
177,"UFC 131: dos Santos vs. Carwin",2011-06-11,"Rogers Arena","Vancouver, British Columbia, Canada",14685,"[394]"
176,"The Ultimate Fighter: Team Lesnar vs. Team dos Santos Finale",2011-06-04,"Palms Casino Resort","Las Vegas, Nevada, U.S.",2053,"[395]"
175,"UFC 130: Rampage vs. Hamill",2011-05-28,"MGM Grand Garden Arena","Las Vegas, Nevada, U.S.",12753,"[396]"
174,"UFC 129: St-Pierre vs. Shields",2011-04-30,"Rogers Centre","Toronto, Ontario, Canada",55724,"[397]"
173,"UFC Fight Night: Nogueira vs. Davis",2011-03-26,"KeyArena","Seattle, Washington, U.S.",13741,"[398]"
172,"UFC 128: Shogun vs. Jones",2011-03-19,"Prudential Center","Newark, New Jersey, U.S.",12619,"[399]"
171,"UFC Live: Sanchez vs. Kampmann",2011-03-03,"KFC Yum! Center","Louisville, Kentucky, U.S.",8319,"[400]"
170,"UFC 127: Penn vs. Fitch",2011-02-27,"Acer Arena","Sydney, Australia",18186,"[401]"
169,"UFC 126: Silva vs. Belfort",2011-02-05,"Mandalay Bay Events Center","Las Vegas, Nevada, U.S.",10893,"[402]"
168,"UFC: Fight for the Troops 2",2011-01-22,"Fort Hood","Fort Hood, Texas, U.S.",3200,"[403]"
167,"UFC 125: Resolution",2011-01-01,"MGM Grand Garden Arena","Las Vegas, Nevada, U.S.",12874,"[404]"
166,"UFC 124: St-Pierre vs. Koscheck 2",2010-12-11,"Bell Centre","Montreal, Quebec, Canada",23152,"[405]"
165,"The Ultimate Fighter: Team GSP vs. Team Koscheck Finale",2010-12-04,"Palms Casino Resort","Las Vegas, Nevada, U.S.",1903,"[406]"
164,"UFC 123: Rampage vs. Machida",2010-11-20,"The Palace of Auburn Hills","Auburn Hills, Michigan, U.S.",16404,"[407]"
163,"UFC 122: Marquardt vs. Okami",2010-11-13,"König Pilsener Arena","Oberhausen, Germany",8421,"[408]"
162,"UFC 121: Lesnar vs. Velasquez",2010-10-23,"Honda Center","Anaheim, California, U.S.",14856,"[409]"
161,"UFC 120: Bisping vs. Akiyama",2010-10-16,"The O2 arena","London, England, U.K.",17133,"[410]"
160,"UFC 119: Mir vs. Cro Cop",2010-09-25,"Conseco Fieldhouse","Indianapolis, Indiana, U.S.",15811,"[411]"
159,"UFC Fight Night: Marquardt vs. Palhares",2010-09-15,"Frank Erwin Center","Austin, Texas, U.S.",7724,"[412]"
158,"UFC 118: Edgar vs. Penn 2",2010-08-28,"TD Garden","Boston, Massachusetts, U.S.",14168,"[413]"
157,"UFC 117: Silva vs. Sonnen",2010-08-07,"Oracle Arena","Oakland, California, U.S.",12971,"[414]"
156,"UFC Live: Jones vs. Matyushenko",2010-08-01,"San Diego Sports Arena","San Diego, California, U.S.",8132,"[415]"
155,"UFC 116: Lesnar vs. Carwin",2010-07-03,"MGM Grand Garden Arena","Las Vegas, Nevada, U.S.",12740,"[416]"
154,"The Ultimate Fighter: Team Liddell vs. Team Ortiz Finale",2010-06-19,"Palms Casino Resort","Las Vegas, Nevada, U.S.",1708,"[417]"
153,"UFC 115: Liddell vs. Franklin",2010-06-12,"General Motors Place","Vancouver, British Columbia, Canada",17669,"[418]"
152,"UFC 114: Rampage vs. Evans",2010-05-29,"MGM Grand Garden Arena","Las Vegas, Nevada, U.S.",14996,"[419]"
151,"UFC 113: Machida vs. Shogun 2",2010-05-08,"Bell Centre","Montreal, Quebec, Canada",17647,"[420]"
150,"UFC 112: Invincible",2010-04-10,"Concert Arena, Yas Island","Abu Dhabi, United Arab Emirates",11008,"[421]"
149,"UFC Fight Night: Florian vs. Gomi",2010-03-31,"Bojangles Coliseum","Charlotte, North Carolina, U.S.",7700,"[422]"
148,"UFC 111: St-Pierre vs. Hardy",2010-03-27,"Prudential Center","Newark, New Jersey, U.S.",17000,"[423]"
147,"UFC Live: Vera vs. Jones",2010-03-21,"1stBank Center","Broomfield, Colorado, U.S.",6443,"[424]"
146,"UFC 110: Nogueira vs. Velasquez",2010-02-21,"Acer Arena","Sydney, Australia",17831,"[425]"
145,"UFC 109: Relentless",2010-02-06,"Mandalay Bay Events Center","Las Vegas, Nevada, U.S.",10753,"[426]"
144,"UFC Fight Night: Maynard vs. Diaz",2010-01-11,"Patriot Center","Fairfax, Virginia, U.S.",8078,"[427]"
143,"UFC 108: Evans vs. Silva",2010-01-02,"MGM Grand Garden Arena","Las Vegas, Nevada, U.S.",13529,"[428]"
142,"UFC 107: Penn vs. Sanchez",2009-12-12,"FedExForum","Memphis, Tennessee, U.S.",13896,"[429]"
141,"The Ultimate Fighter: Heavyweights Finale",2009-12-05,"Palms Casino Resort","Las Vegas, Nevada, U.S.",1791,"[430]"
140,"UFC 106: Ortiz vs. Griffin 2",2009-11-21,"Mandalay Bay Events Center","Las Vegas, Nevada, U.S.",10529,"[431]"
139,"UFC 105: Couture vs. Vera",2009-11-14,"Manchester Evening News Arena","Manchester, England, U.K.",16693,"[432]"
138,"UFC 104: Machida vs. Shogun",2009-10-24,"Staples Center","Los Angeles, California, U.S.",14892,"[433]"
137,"UFC 103: Franklin vs. Belfort",2009-09-19,"American Airlines Center","Dallas, Texas, U.S.",17428,"[434]"
136,"UFC Fight Night: Diaz vs. Guillard",2009-09-16,"Cox Convention Center","Oklahoma City, Oklahoma, U.S.",9490,"[435]"
135,"UFC 102: Couture vs. Nogueira",2009-08-29,"Rose Garden","Portland, Oregon, U.S.",16088,"[436]"
134,"UFC 101: Declaration",2009-08-08,"Wachovia Center","Philadelphia, Pennsylvania, U.S.",17411,"[437]"
133,"UFC 100",2009-07-11,"Mandalay Bay Events Center","Las Vegas, Nevada, U.S.",10871,"[438]"
132,"The Ultimate Fighter: United States vs. United Kingdom Finale",2009-06-20,"Palms Casino Resort","Las Vegas, Nevada, U.S.",2217,"[439]"
131,"UFC 99: The Comeback",2009-06-13,"Lanxess Arena","Cologne, Germany",12854,"[440]"
130,"UFC 98: Evans vs. Machida",2009-05-23,"MGM Grand Garden Arena","Las Vegas, Nevada, U.S.",12606,"[441]"
129,"UFC 97: Redemption",2009-04-18,"Bell Centre","Montreal, Quebec, Canada",21451,"[442]"
128,"UFC Fight Night: Condit vs. Kampmann",2009-04-01,"Sommet Center","Nashville, Tennessee, U.S.",10267,"[443]"
127,"UFC 96: Jackson vs. Jardine",2009-03-07,"Nationwide Arena","Columbus, Ohio, U.S.",17033,"[444]"
126,"UFC 95: Sanchez vs. Stevenson",2009-02-21,"The O2 arena","London, England, U.K.",13268,"[445]"
125,"UFC Fight Night: Lauzon vs. Stephens",2009-02-07,"USF Sun Dome","Tampa, Florida, U.S.",7596,"[446]"
124,"UFC 94: St-Pierre vs. Penn 2",2009-01-31,"MGM Grand Garden Arena","Las Vegas, Nevada, U.S.",14885,"[447]"
123,"UFC 93: Franklin vs. Henderson",2009-01-17,"The O2","Dublin, Ireland",9369,"[448]"
122,"UFC 92: The Ultimate 2008",2008-12-27,"MGM Grand Garden Arena","Las Vegas, Nevada, U.S.",14166,"[449]"
121,"The Ultimate Fighter: Team Nogueira vs. Team Mir Finale",2008-12-13,"Palms Casino Resort","Las Vegas, Nevada, U.S.",1853,"[450]"
120,"UFC: Fight for the Troops",2008-12-10,"Crown Coliseum","Fayetteville, North Carolina, U.S.",8500,"[451]"
119,"UFC 91: Couture vs. Lesnar",2008-11-15,"MGM Grand Garden Arena","Las Vegas, Nevada, U.S.",14272,"[452]"
118,"UFC 90: Silva vs. Côté",2008-10-25,"Allstate Arena","Rosemont, Illinois, U.S.",15359,"[453]"
117,"UFC 89: Bisping vs. Leben",2008-10-18,"National Indoor Arena","Birmingham, England, U.K.",9515,"[454]"
116,"UFC Fight Night: Diaz vs. Neer",2008-09-17,"Omaha Civic Auditorium","Omaha, Nebraska, U.S.",9103,"[455]"
115,"UFC 88: Breakthrough",2008-09-06,"Philips Arena","Atlanta, Georgia, U.S.",14736,"[456]"
114,"UFC 87: Seek and Destroy",2008-08-09,"Target Center","Minneapolis, Minnesota, U.S.",15087,"[457]"
113,"UFC Fight Night: Silva vs. Irvin",2008-07-19,"Palms Casino Resort","Las Vegas, Nevada, U.S.",2071,"[458]"
112,"UFC 86: Jackson vs. Griffin",2008-07-05,"Mandalay Bay Events Center","Las Vegas, Nevada, U.S.",10990,"[459]"
111,"The Ultimate Fighter: Team Rampage vs. Team Forrest Finale",2008-06-21,"Palms Casino Resort","Las Vegas, Nevada, U.S.",1853,"[459]"
110,"UFC 85: Bedlam",2008-06-07,"The O2 arena","London, England, U.K.",15327,"[460]"
109,"UFC 84: Ill Will",2008-05-24,"MGM Grand Garden Arena","Las Vegas, Nevada, U.S.",14773,"[461]"
108,"UFC 83: Serra vs. St-Pierre 2",2008-04-19,"Bell Centre","Montreal, Quebec, Canada",21390,"[410]"
107,"UFC Fight Night: Florian vs. Lauzon",2008-04-02,"Broomfield Event Center","Broomfield, Colorado, U.S.",6742,"[462]"
106,"UFC 82: Pride of a Champion",2008-03-01,"Nationwide Arena","Columbus, Ohio, U.S.",16431,"[463]"
105,"UFC 81: Breaking Point",2008-02-02,"Mandalay Bay Events Center","Las Vegas, Nevada, U.S.",10583,"[464]"
104,"UFC Fight Night: Swick vs. Burkman",2008-01-23,"Palms Casino Resort","Las Vegas, Nevada, U.S.",1900,"[451]"
103,"UFC 80: Rapid Fire",2008-01-19,"Metro Radio Arena","Newcastle upon Tyne, England, U.K.",8412,"[451]"
102,"UFC 79: Nemesis",2007-12-29,"Mandalay Bay Events Center","Las Vegas, Nevada, U.S.",11075,"[465]"
101,"The Ultimate Fighter: Team Hughes vs. Team Serra Finale",2007-12-08,"Palms Casino Resort","Las Vegas, Nevada, U.S.",NA,"[465]"
100,"UFC 78: Validation",2007-11-17,"Prudential Center","Newark, New Jersey, U.S.",14071,"[466]"
99,"UFC 77: Hostile Territory",2007-10-20,"U.S. Bank Arena","Cincinnati, Ohio, U.S.",16054,"[467]"
98,"UFC 76: Knockout",2007-09-22,"Honda Center","Anaheim, California, U.S.",13770,"[468]"
97,"UFC Fight Night: Thomas vs. Florian",2007-09-19,"Palms Casino Resort","Las Vegas, Nevada, U.S.",NA,NA
96,"UFC 75: Champion vs. Champion",2007-09-08,"The O2 arena","London, England, U.K.",16235,"[469]"
95,"UFC 74: Respect",2007-08-25,"Mandalay Bay Events Center","Las Vegas, Nevada, U.S.",11065,"[451]"
94,"UFC 73: Stacked",2007-07-07,"ARCO Arena","Sacramento, California, U.S.",13183,"[470]"
93,"The Ultimate Fighter: Team Pulver vs. Team Penn Finale",2007-06-23,"Palms Casino Resort","Las Vegas, Nevada, U.S.",NA,NA
92,"UFC 72: Victory",2007-06-16,"The Odyssey","Belfast, Northern Ireland, U.K.",7850,"[471]"
91,"UFC Fight Night: Stout vs. Fisher",2007-06-12,"Seminole Hard Rock Hotel and Casino","Hollywood, Florida, U.S.",NA,NA
90,"UFC 71: Liddell vs. Jackson",2007-05-26,"MGM Grand Garden Arena","Las Vegas, Nevada, U.S.",14728,"[472]"
89,"UFC 70: Nations Collide",2007-04-21,"Manchester Evening News Arena","Manchester, England, U.K.",15114,"[469]"
88,"UFC 69: Shootout",2007-04-07,"Toyota Center","Houston, Texas, U.S.",15269,"[451]"
87,"UFC Fight Night: Stevenson vs. Guillard",2007-04-05,"Palms Casino Resort","Las Vegas, Nevada, U.S.",1734,"[451]"
86,"UFC 68: The Uprising",2007-03-03,"Nationwide Arena","Columbus, Ohio, U.S.",19079,"[473]"
85,"UFC 67: All or Nothing",2007-02-03,"Mandalay Bay Events Center","Las Vegas, Nevada, U.S.",10787,"[451]"
84,"UFC Fight Night: Evans vs. Salmon",2007-01-25,"Seminole Hard Rock Hotel and Casino","Hollywood, Florida, U.S.",5287,"[451]"
83,"UFC 66: Liddell vs. Ortiz",2006-12-30,"MGM Grand Garden Arena","Las Vegas, Nevada, U.S.",13671,"[474]"
82,"UFC Fight Night: Sanchez vs. Riggs",2006-12-13,"Marine Corps Air Station Miramar","San Diego, California, U.S.",3000,"[451]"
81,"UFC 65: Bad Intentions",2006-11-18,"ARCO Arena","Sacramento, California, U.S.",14666,"[474]"
80,"The Ultimate Fighter: The Comeback Finale",2006-11-11,"Hard Rock Hotel and Casino","Las Vegas, Nevada, U.S.",1000,"[451]"
79,"UFC 64: Unstoppable",2006-10-14,"Mandalay Bay Events Center","Las Vegas, Nevada, U.S.",10173,"[451]"
78,"UFC Fight Night 6.5",2006-10-10,"Seminole Hard Rock Hotel and Casino","Hollywood, Florida, U.S.",3510,"[451]"
77,"UFC 63: Hughes vs. Penn",2006-09-23,"Arrowhead Pond of Anaheim","Anaheim, California, U.S.",12604,"[475]"
76,"UFC 62: Liddell vs. Sobral",2006-08-26,"Mandalay Bay Events Center","Las Vegas, Nevada, U.S.",10503,"[451]"
75,"UFC Fight Night 6",2006-08-17,"Red Rock Resort Spa and Casino","Summerlin, Nevada, U.S.",1412,"[451]"
74,"UFC 61: Bitter Rivals",2006-07-08,"Mandalay Bay Events Center","Las Vegas, Nevada, U.S.",11167,"[451]"
73,"UFC Ultimate Fight Night 5",2006-06-28,"Hard Rock Hotel and Casino","Las Vegas, Nevada, U.S.",606,"[476]"
72,"The Ultimate Fighter: Team Ortiz vs. Team Shamrock Finale",2006-06-24,"Hard Rock Hotel and Casino","Las Vegas, Nevada, U.S.",849,"[476]"
71,"UFC 60: Hughes vs. Gracie",2006-05-27,"Staples Center","Los Angeles, California, U.S.",14765,"[474]"
70,"UFC 59: Reality Check",2006-04-15,"Arrowhead Pond of Anaheim","Anaheim, California, U.S.",13814,"[476]"
69,"UFC Ultimate Fight Night 4",2006-04-06,"Hard Rock Hotel and Casino","Las Vegas, Nevada, U.S.",843,"[476]"
68,"UFC 58: USA vs. Canada",2006-03-04,"Mandalay Bay Events Center","Las Vegas, Nevada, U.S.",9569,"[476]"
67,"UFC 57: Liddell vs. Couture 3",2006-02-04,"Mandalay Bay Events Center","Las Vegas, Nevada, U.S.",10659,"[476]"
66,"UFC Ultimate Fight Night 3",2006-01-16,"Hard Rock Hotel and Casino","Las Vegas, Nevada, U.S.",1008,"[476]"
65,"UFC 56: Full Force",2005-11-19,"MGM Grand Garden Arena","Las Vegas, Nevada, U.S.",12000,"[472]"
64,"The Ultimate Fighter: Team Hughes vs. Team Franklin Finale",2005-11-05,"Hard Rock Hotel and Casino","Las Vegas, Nevada, U.S.",NA,"[472]"
63,"UFC 55: Fury",2005-10-07,"Mohegan Sun Arena","Uncasville, Connecticut, U.S.",8000,"[477]"
62,"UFC Ultimate Fight Night 2",2005-10-03,"Hard Rock Hotel and Casino","Las Vegas, Nevada, U.S.",NA,NA
61,"UFC 54: Boiling Point",2005-08-20,"MGM Grand Garden Arena","Las Vegas, Nevada, U.S.",13520,"[472]"
60,"UFC Ultimate Fight Night",2005-08-06,"Cox Pavilion","Las Vegas, Nevada, U.S.",NA,"[472]"
59,"UFC 53: Heavy Hitters",2005-06-04,"Boardwalk Hall","Atlantic City, New Jersey, U.S.",12000,"[478]"
58,"UFC 52: Couture vs. Liddell",2005-04-16,"MGM Grand Garden Arena","Las Vegas, Nevada, U.S.",14562,"[472]"
57,"The Ultimate Fighter: Team Couture vs. Team Liddell Finale",2005-04-09,"Cox Pavilion","Las Vegas, Nevada, U.S.",NA,"[472]"
56,"UFC 51: Super Saturday",2005-02-05,"Mandalay Bay Events Center","Las Vegas, Nevada, U.S.",11072,"[479]"
55,"UFC 50: The War of '04",2004-10-22,"Boardwalk Hall","Atlantic City, New Jersey, U.S.",9000,"[480]"
54,"UFC 49: Unfinished Business",2004-08-21,"MGM Grand Garden Arena","Las Vegas, Nevada, U.S.",12100,"[472]"
53,"UFC 48: Payback",2004-06-19,"Mandalay Bay Events Center","Las Vegas, Nevada, U.S.",10000,"[481]"
52,"UFC 47: It's On!",2004-04-02,"Mandalay Bay Events Center","Las Vegas, Nevada, U.S.",11437,"[482]"
51,"UFC 46: Supernatural",2004-01-31,"Mandalay Bay Events Center","Las Vegas, Nevada, U.S.",10700,"[483]"
50,"UFC 45: Revolution",2003-11-21,"Mohegan Sun Arena","Uncasville, Connecticut, U.S.",9200,"[484]"
49,"UFC 44: Undisputed",2003-09-26,"Mandalay Bay Events Center","Las Vegas, Nevada, U.S.",10400,"[485]"
48,"UFC 43: Meltdown",2003-06-06,"Thomas & Mack Center","Las Vegas, Nevada, U.S.",9800,"[486]"
47,"UFC 42: Sudden Impact",2003-04-25,"AmericanAirlines Arena","Miami, Florida, U.S.",7500,"[487]"
46,"UFC 41: Onslaught",2003-02-28,"Boardwalk Hall","Atlantic City, New Jersey, U.S.",11707,"[488]"
45,"UFC 40: Vendetta",2002-11-22,"MGM Grand Garden Arena","Las Vegas, Nevada, U.S.",13770,"[472]"
44,"UFC 39: The Warriors Return",2002-09-27,"Mohegan Sun Arena","Uncasville, Connecticut, U.S.",7800,"[489]"
43,"UFC 38: Brawl at the Hall",2002-07-13,"Royal Albert Hall","London, England, U.K.",5000,"[490]"
42,"UFC 37.5: As Real As It Gets",2002-06-22,"Bellagio","Las Vegas, Nevada, U.S.",3700,"[491]"
41,"UFC 37: High Impact",2002-05-10,"CenturyTel Center","Bossier City, Louisiana, U.S.",7200,"[492]"
40,"UFC 36: Worlds Collide",2002-03-22,"MGM Grand Garden Arena","Las Vegas, Nevada, U.S.",10000,"[472]"
39,"UFC 35: Throwdown",2002-01-11,"Mohegan Sun Arena","Uncasville, Connecticut, U.S.",9600,"[493]"
38,"UFC 34: High Voltage",2001-11-02,"MGM Grand Garden Arena","Las Vegas, Nevada, U.S.",9000,"[472]"
37,"UFC 33: Victory in Vegas",2001-09-28,"Mandalay Bay Events Center","Las Vegas, Nevada, U.S.",9500,"[494]"
36,"UFC 32: Showdown in the Meadowlands",2001-06-29,"Continental Airlines Arena","East Rutherford, New Jersey, U.S.",12500,"[495]"
35,"UFC 31: Locked and Loaded",2001-05-04,"Trump Taj Mahal","Atlantic City, New Jersey, U.S.",NA,NA
34,"UFC 30: Battle on the Boardwalk",2001-02-23,"Trump Taj Mahal","Atlantic City, New Jersey, U.S.",3000,"[496]"
33,"UFC 29: Defense of the Belts",2000-12-16,"Differ Ariake Arena","Tokyo, Japan",1414,"[497]"
32,"UFC 28: High Stakes",2000-11-17,"Trump Taj Mahal","Atlantic City, New Jersey, U.S.",NA,NA
31,"UFC 27: Ultimate Bad Boyz",2000-09-22,"Lakefront Arena","New Orleans, Louisiana, U.S.",NA,NA
30,"UFC 26: Ultimate Field of Dreams",2000-06-09,"Five Seasons Events Center","Cedar Rapids, Iowa, U.S.",1100,"[498]"
29,"UFC 25: Ultimate Japan 3",2000-04-14,"Yoyogi National Gymnasium","Tokyo, Japan",NA,NA
28,"UFC 24: First Defense",2000-03-10,"Lake Charles Civic Center","Lake Charles, Louisiana, U.S.",NA,NA
27,"UFC 23: Ultimate Japan 2",1999-11-19,"Tokyo Bay NK Hall","Chiba, Japan",NA,NA
26,"UFC 22: Only One Can be Champion",1999-09-24,"Lake Charles Civic Center","Lake Charles, Louisiana, U.S.",NA,NA
25,"UFC 21: Return of the Champions",1999-07-16,"Five Seasons Events Center","Cedar Rapids, Iowa, U.S.",NA,NA
24,"UFC 20: Battle for the Gold",1999-05-07,"Boutwell Memorial Auditorium","Birmingham, Alabama, U.S.",NA,NA
23,"UFC 19: Ultimate Young Guns",1999-03-05,"Casino Magic Bay St. Louis","Bay St. Louis, Mississippi, U.S.",NA,NA
22,"UFC 18: The Road to the Heavyweight Title",1999-01-08,"Pontchartrain Center","New Orleans, Louisiana, U.S.",NA,NA
21,"UFC Brazil: Ultimate Brazil",1998-10-16,"Ginásio da Portuguesa","São Paulo, Brazil",NA,NA
20,"UFC 17: Redemption",1998-05-15,"Mobile Civic Center","Mobile, Alabama, U.S.",NA,NA
19,"UFC 16: Battle in the Bayou",1998-03-13,"Pontchartrain Center","New Orleans, Louisiana, U.S.",4600,"[499]"
18,"UFC Japan: Ultimate Japan",1997-12-21,"Yokohama Arena","Yokohama, Japan",5000,"[500]"
17,"UFC 15: Collision Course",1997-10-17,"Casino Magic Bay St. Louis","Bay St. Louis, Mississippi, U.S.",NA,NA
16,"UFC 14: Showdown",1997-07-27,"Boutwell Memorial Auditorium","Birmingham, Alabama, U.S.",5000,"[501]"
15,"UFC 13: The Ultimate Force",1997-05-30,"Augusta Civic Center","Augusta, Georgia, U.S.",5100,"[502]"
14,"UFC 12: Judgement Day",1997-02-07,"Dothan Civic Center","Dothan, Alabama, U.S.",3100,"[503]"
13,"UFC: The Ultimate Ultimate 2",1996-12-07,"Fair Park Arena","Birmingham, Alabama, U.S.",6000,"[504]"
12,"UFC 11: The Proving Ground",1996-09-20,"Augusta Civic Center","Augusta, Georgia, U.S.",4500,"[505]"
11,"UFC 10: The Tournament",1996-07-12,"Fair Park Arena","Birmingham, Alabama, U.S.",4300,"[506]"
10,"UFC 9: Motor City Madness",1996-05-17,"Cobo Arena","Detroit, Michigan, U.S.",10000,"[507]"
9,"UFC 8: David vs. Goliath",1996-02-16,"Coliseo Rubén Rodríguez","Bayamón, Puerto Rico",13000,"[508]"
8,"UFC: The Ultimate Ultimate",1995-12-16,"Mammoth Gardens","Denver, Colorado, U.S.",2800,"[509]"
7,"UFC 7: The Brawl in Buffalo",1995-09-08,"Buffalo Memorial Auditorium","Buffalo, New York, U.S.",9000,"[510]"
6,"UFC 6: Clash of the Titans",1995-07-14,"Casper Events Center","Casper, Wyoming, U.S.",2700,"[511]"
5,"UFC 5: The Return of the Beast",1995-04-07,"Independence Arena","Charlotte, North Carolina, U.S.",6000,"[512]"
4,"UFC 4: Revenge of the Warriors",1994-12-16,"Expo Square Pavilion","Tulsa, Oklahoma, U.S.",5857,"[513]"
3,"UFC 3: The American Dream",1994-09-09,"Grady Cole Center","Charlotte, North Carolina, U.S.",NA,NA
2,"UFC 2: No Way Out",1994-03-11,"Mammoth Gardens","Denver, Colorado, U.S.",2000,"[514]"
1,"UFC 1: The Beginning",1993-11-12,"McNichols Sports Arena","Denver, Colorado, U.S.",7800,"[515]"
